{"68fa1117-60fc-4116-baae-1852aa6298e5": 1572654725.6379073, "da8b4c67-44fc-4e84-85e6-fd53f14e9011": 1572654756.270797, "16eb0be1-2948-4c62-aa61-14ecd136f519": 1572654787.1457179, "6382d3ad-8371-44f6-9cda-1c12c136fd04": 1572654960.011669}